{
    "request_number": [
        241928, 226632, 221860, 380602, 136823, 188614, 324387, 342131, 465096, 486710, 194282, 423838, 262784, 405081, 192738, 221709, 459533, 316204, 168763, 113682, 247828, 357074, 208425, 423725,
        320748, 200655, 181888, 418842, 394296, 478533, 121526, 308088, 418431, 279819, 386889, 413361, 116894, 281755, 119579, 113323, 446000, 408566, 156202, 335070, 279782, 363955, 326921, 477319,
        356068, 483010, 170017, 343725, 298673, 480657, 224960, 202148, 181509, 317793, 108704, 224907, 108335, 193369, 137110, 238605, 371230, 424492, 309782, 292315, 197981, 351940, 417730, 426791,
        258008, 390579, 109249, 192407, 408128, 223855, 394741, 120420, 166982, 121884, 285239, 301315, 395973, 476628, 130989, 469434, 403879, 385965, 490856, 275201, 283422, 385834, 415527, 248959,
        160852, 362613, 332452, 437383
    ],
    "predicted_processing_time": [
        5.643658638000488, 5.114596366882324, 4.906463623046875, 10.95799732208252, 2.4367024898529053, 3.9243791103363037, 10.272289276123047, 9.325812339782715, 17.04180335998535,
        15.622652053833008, 4.219081401824951, 12.702749252319336, 7.873047351837158, 11.921730041503906, 5.981328964233398, 4.906463623046875, 14.354976654052734, 8.243144035339355,
        3.4184508323669434, 2.0239241123199463, 5.836461067199707, 9.90332317352295, 4.574126243591309, 12.702749252319336, 8.48146915435791, 5.726076602935791, 3.7618062496185303, 12.866610527038574,
        11.727935791015625, 15.276083946228027, 2.098087787628174, 8.026947021484375, 12.452926635742188, 6.978550910949707, 11.209308624267578, 16.455432891845703, 2.0239241123199463,
        7.534658908843994, 2.0239241123199463, 1.8161108493804932, 13.734254837036133, 12.250503540039062, 3.007901906967163, 9.209824562072754, 6.978550910949707, 10.159077644348145,
        8.707589149475098, 15.143342018127441, 9.90332317352295, 15.276083946228027, 3.4184508323669434, 9.393508911132812, 7.73659086227417, 15.276083946228027, 5.114596366882324, 4.411275386810303,
        3.5896644592285156, 8.243144035339355, 1.7849500179290771, 5.114596366882324, 1.7849500179290771, 5.981328964233398, 2.4367024898529053, 5.549977779388428, 10.573993682861328,
        12.702749252319336, 8.089780807495117, 7.384125232696533, 5.726076602935791, 9.667738914489746, 12.452926635742188, 16.20707130432129, 6.179233551025391, 11.538187026977539,
        1.8161108493804932, 5.981328964233398, 12.250503540039062, 5.114596366882324, 11.727935791015625, 2.0239241123199463, 3.1888937950134277, 2.9862074851989746, 7.534658908843994,
        7.800023555755615, 11.727935791015625, 15.143342018127441, 2.3502283096313477, 14.881123542785645, 11.834830284118652, 11.209308624267578, 15.79198932647705, 6.875646114349365,
        7.534658908843994, 11.209308624267578, 12.410947799682617, 5.836461067199707, 3.1033222675323486, 10.129919052124023, 8.866851806640625, 13.352946281433105
    ],
    "real_processing_time": [
        5.773008996999124, 5.251581873999385, 4.955535809000139, 11.126015365996864, 2.504223445954267, 3.923153233001358, 8.698534248000215, 9.372684512996784, 14.844860174984206, 16.028080637999665,
        4.180207029974554, 12.958186752999609, 6.422504955029581, 12.250802570000815, 4.078654608980287, 4.9956712540006265, 14.40732886099795, 8.489586562998738, 3.396752425993327,
        1.9261417630004871, 5.917465667000215, 9.961924054001429, 4.512134625998442, 14.526410261983983, 8.67430510000122, 4.287283828998625, 3.7375188490004803, 14.359715647995472,
        11.488389972997538, 15.385891212001297, 2.106918712001061, 8.002274922997458, 12.594080519047566, 6.995105885958765, 11.191176017000544, 12.384613281999918, 1.9979146209989267,
        7.055105610983446, 2.075742720044218, 1.9093271179590374, 13.761283141000604, 12.1413585650007, 2.995467322998593, 10.689080356038176, 6.932349423001142, 10.264090718999796, 8.752451642998494,
        15.200675408999814, 9.899699468980543, 15.508040114000323, 3.3863873049995163, 11.065424747008365, 7.640978748000634, 15.315107786002045, 5.071188271045685, 4.309738230000221,
        3.7128520260448568, 8.369212685000093, 1.8009278569988965, 5.035672152000188, 1.796417351000855, 4.078038286010269, 2.495283903001109, 5.503481678999378, 10.466357968998636,
        14.479691083019134, 8.076416476000304, 7.3719717580024735, 4.168620063002891, 9.713159495000582, 12.517377940006554, 12.834045820000028, 7.873237994033843, 11.298386015998403,
        1.8129885289999947, 4.030726198001503, 11.996353533999354, 5.042225766999763, 13.147278336982708, 2.053032460000395, 3.3294739260018105, 2.120796032002545, 7.109706521998305,
        7.720068606024142, 11.511200791999727, 15.30771926399757, 2.340164385001117, 14.846775535028428, 11.96307600200089, 12.734225046006031, 15.850981845000206, 6.785385818977375,
        7.088202230999741, 11.96371573099168, 12.661434563000512, 6.856560661050025, 3.1682731810142286, 10.253908912000043, 9.030036639000173, 13.459935853999923
    ],
    "waiting_jobs": [
        0, 1, 4, 2, 5, 7, 3, 10, 8, 6, 11, 13, 14, 9, 17, 20, 16, 12, 23, 15, 18, 19, 22, 26, 21, 25, 24, 29, 28, 27, 30, 31, 32, 35, 34, 33, 36, 38, 41, 44, 37, 39, 40, 47, 43, 42, 50, 46, 53, 45,
        48, 56, 51, 49, 59, 52, 62, 54, 57, 55, 60, 65, 63, 66, 58, 68, 69, 61, 64, 72, 71, 67, 74, 75, 78, 81, 70, 84, 77, 73, 87, 90, 76, 80, 79, 93, 82, 83, 96, 86, 85, 89, 88, 92, 91, 95, 98, 91,
        94, 97
    ],
    "waiting_time": [
        0.0029478040014510043, 0.002823857998009771, 5.0756703529987135, 0.002964348008390516, 10.951928876049351, 9.871595442000398, 5.598684052001772, 13.650077922000492, 13.292210428975523,
        14.131071456999052, 27.989827879006043, 22.84292929500225, 31.98565564904129, 30.02423036500113, 38.222397968987934, 42.1249341799994, 35.614716962001694, 42.088745475000906,
        46.94204851600807, 50.39484092300336, 52.15326985700085, 49.84010757499709, 59.62322442599907, 50.184146307001356, 57.90852981400167, 63.98810485699869, 66.40206587399734, 64.53482134302612,
        68.08955876599794, 69.95604163000098, 85.18660648600053, 79.38896501400086, 78.69575291202636, 91.10332012700383, 87.19757792400196, 87.08975857000041, 99.30292518000351, 97.91486153594451,
        104.80141643999377, 106.70511697401525, 98.23311723599909, 101.11477973599904, 111.80712128999949, 108.43927792302566, 114.62390479600072, 113.06843771900094, 118.9337387449923,
        121.37851884100019, 127.55156588397222, 123.1787028079998, 138.50815179100027, 137.25949542899616, 141.71110813699852, 136.3845352040007, 148.13624329603044, 151.55112316899977,
        153.0177711030119, 149.19709115299702, 157.37974929499978, 155.6853741470004, 158.99028996299967, 156.58981029497227, 160.61924307699883, 162.96217623999837, 160.5395429479977,
        160.50776368100196, 168.29423541300275, 170.84819353200146, 178.03404990199851, 176.23582536699905, 174.805361627019, 182.0419244520017, 187.15479942696402, 185.74995108499934,
        196.87908844299818, 198.5181503599997, 194.69248582400178, 202.35523776600166, 194.87462766899262, 206.54012411899748, 207.23414115799824, 210.3630434480001, 208.42210032399817,
        207.82729089795612, 215.34694973899968, 212.2438084819987, 226.69562543199936, 215.363768463023, 227.39247228599925, 230.01608508703066, 228.81483698800002, 242.59075835399562,
        244.49927919699985, 249.13075812003808, 251.42661523700008, 260.9343233270338, 267.60479427099926, 264.04260568099926, 274.10202893300084, 282.9545921209974
    ],