{
    "request_number": [
        151360, 261593, 342877, 360320, 205754, 194124, 485806, 274883, 460203, 205705, 211450, 423264, 143413, 490330, 419894, 120358, 309213, 223274, 492082, 370837, 389222, 281397, 351332, 105250,
        277109, 146876, 472405, 279896, 423506, 180866, 155754, 321842, 204216, 333209, 382530, 320931, 494824, 243853, 344608, 140396, 171014, 237214, 204976, 414995, 427460, 233436, 470588, 299023,
        432566, 287149
    ],
    "predicted_processing_time": [
        1.523646593093872, 3.2667226791381836, 4.833099365234375, 5.140336036682129, 2.2639927864074707, 2.1185996532440186, 8.002289772033691, 3.514350414276123, 7.4015421867370605,
        2.2639927864074707, 2.4384121894836426, 6.56360387802124, 1.4010730981826782, 8.093727111816406, 6.410025596618652, 1.1262280941009521, 4.173185348510742, 2.610873222351074, 8.081323623657227,
        5.38264799118042, 5.789124965667725, 3.604233503341675, 4.96297550201416, 0.9133167862892151, 3.5159316062927246, 1.4433468580245972, 7.639103412628174, 3.604233503341675, 6.56360387802124,
        1.9323152303695679, 1.549809217453003, 4.387629508972168, 2.2639927864074707, 4.641916275024414, 5.672343730926514, 4.387629508972168, 8.154934883117676, 2.935617446899414, 4.833099365234375,
        1.3364882469177246, 1.8096654415130615, 2.8408238887786865, 2.2639927864074707, 6.381664752960205, 6.620812892913818, 2.778954267501831, 7.541785717010498, 3.9398460388183594,
        6.767287731170654, 3.7136919498443604
    ],
    "real_processing_time": [
        2.932265355000254, 6.329636249982286, 9.418728740000006, 10.062585908999608, 4.442832433000149, 4.090774517999762, 17.28940542298369, 6.793573659000231, 14.322868057999585, 4.467679420999957,
        4.602732207999907, 12.739363115979359, 3.191587580018677, 15.865480232000209, 12.601219979999769, 2.0827801979999094, 10.851935042010155, 5.010766398999749, 15.960774233999928,
        10.54736216800029, 15.761643263977021, 7.0097547650002525, 9.714416494000034, 1.719701399999849, 9.074450785003137, 2.7613784730201587, 14.99591947800036, 6.948795594042167,
        12.814640167000107, 3.704280578007456, 2.9875883200002136, 8.521258191000015, 4.39525237900034, 8.98505156300007, 12.253225711989217, 8.52177550200031, 16.037959392000175, 5.689387568000257,
        11.54109327297192, 2.58182167699988, 3.41108038299717, 5.468799455999942, 4.44558377598878, 12.34605555600001, 14.638223743997514, 5.360314949997701, 14.930228402000012, 7.632364175000021,
        13.139466662999894, 7.19487492799999
    ]
}
