{
    "request_number": [
        121482, 176613, 221737, 264296, 207614, 123171, 140783, 187823, 484678, 230802, 183567, 350974, 120398, 442151, 427135, 488296, 443653, 280797, 465957, 227806, 202075, 201886, 143897, 416700,
        440241, 180611, 217092, 489139, 204037, 144120
    ],
    "predicted_processing_time": [
        2.098087787628174, 3.465019464492798, 4.906463623046875, 6.540292739868164, 4.574126243591309, 2.154005765914917, 2.5855257511138916, 3.9243791103363037, 15.276083946228027, 5.114596366882324,
        3.7618062496185303, 9.667738914489746, 2.0239241123199463, 14.20038890838623, 16.20707130432129, 15.687668800354004, 13.734254837036133, 6.978550910949707, 15.027637481689453,
        5.114596366882324, 4.411275386810303, 4.411275386810303, 2.5855257511138916, 12.410947799682617, 14.20038890838623, 3.5896644592285156, 4.761871337890625, 15.687668800354004,
        4.406467437744141, 2.5855257511138916
    ],
    "real_processing_time": [
        2.1548253590008244, 3.638237474999187, 4.96915968599933, 7.835646860010456, 4.513770557001408, 4.078065985057037, 2.6153033440350555, 3.9062827750003635, 15.701919905999603, 5.309676761000446,
        3.7995735999993485, 9.856225588009693, 2.085550396999679, 13.692227579000246, 13.102334094999605, 17.631248698977288, 13.74245674300073, 7.014569664024748, 14.819949228000041,
        5.155615515001045, 4.3860379150137305, 4.333227548999275, 2.6875962049998634, 12.699920006969478, 13.705512933000136, 5.416917121037841, 4.857424003001142, 16.141339278001396,
        6.57868616504129, 2.668197176999456
    ],
    "waiting_jobs": [1, 0, 4, 2, 7, 5, 8, 10, 3, 13, 6, 11, 9, 16, 12, 14, 19, 17, 15, 22, 20, 18, 21, 23, 25, 26, 28, 24, 29, 27],
    "waiting_time": [
        0.021183088001635042, 0.022291923998636776, 2.1540653590000147, 0.07441021502017975, 7.004575688999466, 7.8348261379869655, 11.912899570947047, 11.51785916100016, 3.6373419589999685,
        15.423733809999248, 19.21689516100014, 14.509082982025575, 23.01572642100109, 20.732982654999432, 25.10049947799962, 24.36434587003896, 34.424519086000146, 41.994819316023495,
        38.20219029400141, 48.16601171399998, 49.00862664502347, 53.01538283699847, 57.34765247299947, 53.38863263401436, 53.315505610999026, 66.08685098896967, 67.02031880300092, 60.03468680599872,
        71.50275504699675, 76.17522103499869
    ]
}
