{
    "request_id": [3, 2, 1, 4, 7, 5, 6, 8, 10, 13, 16, 11, 9, 12, 19, 14, 22, 15, 25, 17, 18, 20, 21, 28, 31, 23, 24, 26, 27, 34, 29, 30, 32, 37, 35, 33, 40, 36, 38, 39],
    "request_number": [
        384798, 467952, 468318, 186499, 163234, 312569, 469987, 261740, 358953, 180851, 165743, 355451, 365614, 119169, 297316, 323553, 215870, 322709, 118057, 257663, 178140, 101965, 186060, 311490,
        309955, 459312, 466172, 251593, 284174, 394455, 358616, 349467, 301489, 450592, 199773, 291567, 239919, 321863, 382107, 141101
    ],
    "predicted_processing_time": [
        10.95799732208252, 14.791186332702637, 14.873154640197754, 3.9243791103363037, 3.1543467044830322, 8.25406265258789, 14.869537353515625, 7.873047351837158, 9.90332317352295,
        3.5896644592285156, 3.1888937950134277, 9.90332317352295, 10.69640827178955, 2.0239241123199463, 7.481689929962158, 8.48146915435791, 4.761871337890625, 8.48146915435791, 2.0239241123199463,
        6.179233551025391, 3.5804202556610107, 1.6545852422714233, 3.9243791103363037, 8.25406265258789, 8.065434455871582, 14.354976654052734, 15.027637481689453, 5.836461067199707,
        7.534658908843994, 11.727935791015625, 9.90332317352295, 9.517851829528809, 7.869746208190918, 14.133532524108887, 5.726076602935791, 7.384125232696533, 5.549977779388428, 8.48146915435791,
        10.95799732208252, 2.5855257511138916
    ],
    "real_processing_time": [
        12.813567025994416, 14.925061813992215, 15.08161480599665, 3.891601779992925, 3.205925946997013, 8.279720241989708, 14.798640099004842, 6.35447993199341, 10.18522893601039, 3.7435009619948687,
        3.2693427850026637, 10.033086912008002, 13.637042576039676, 2.052907579985913, 7.675018714988255, 8.631704348008498, 4.759638991003158, 8.585398846014868, 2.0115401709917933,
        6.165605232992675, 3.6129577119718306, 1.6288748079969082, 3.834621461981442, 8.096099759990466, 8.039675745007116, 14.295118006994016, 14.692010259022936, 5.916896975002601,
        7.096613359986804, 11.457084387002396, 9.933428254007595, 9.607747695990838, 7.698871492000762, 13.935646489000646, 4.249955456005409, 7.375067083048634, 5.527659420011332, 8.50408206996508,
        10.903636203001952, 2.594686990021728
    ],
    "predicted_waiting_time": [
        0.0, 0.0, 0.0, 0.0, 0.0, 0.0, 0.0, 0.0, 0.0, 0.0, 0.0, 0.0, 0.0, 0.0, 0.0, 0.0, 0.0, 0.0, 0.0, 0.0, 0.0, 0.0, 0.0, 0.0, 0.0, 0.0, 0.0, 0.0, 0.0, 0.0, 0.0, 0.0, 0.0, 0.0, 0.0, 0.0, 0.0, 0.0,
        0.0, 0.0
    ],
    "waiting_jobs": [2, 1, 0, 3, 6, 4, 5, 7, 9, 12, 15, 10, 8, 11, 18, 13, 21, 14, 24, 16, 17, 19, 20, 27, 30, 22, 23, 25, 26, 33, 28, 29, 31, 36, 34, 32, 39, 35, 37, 38],
    "waiting_time": [
        0.0013430669787339866, 0.001867761995526962, 0.0013415569992503151, 14.728889785998035, 18.298998349011526, 14.58083651799825, 12.46820270002354, 22.514580889008357, 21.157159203998162,
        31.031724464002764, 34.451999195007375, 28.54165028600255, 26.955925979011226, 40.246783085982315, 37.39417342300294, 38.264765276006074, 44.72568843499175, 41.97362984996289,
        49.159256205995916, 46.57074497400026, 50.23165913496632, 52.38374974500039, 53.49807112000417, 50.84218219999457, 58.64303848599957, 53.70752945999266, 57.02741495601367, 67.66383426099492,
        71.37524510500953, 66.3548944239883, 73.26867082099488, 78.14179928001249, 82.87509036200936, 77.490528875991, 90.26294425298693, 87.44978765997803, 91.11378528999921, 94.50860674999421,
        94.20599398799823, 102.7032723579905
    ],
    "response_time": [
        12.823409551987424, 14.93605854199268, 15.092405974981375, 18.653530756011605, 21.53812237700913, 22.893771570001263, 27.297877729986794, 28.921572765975725, 31.392689333006274,
        34.81248014798621, 37.75445364596089, 38.62437195703387, 40.608741284988355, 42.330731011985335, 45.102586827008054, 46.92948981904192, 49.535551681008656, 50.59084063395858,
        51.204023353988305, 52.76906104100635, 53.87640308198752, 54.07167179096723, 57.383902704983484, 58.97103293397231, 66.71599979500752, 68.04001036501722, 71.75074560003122, 73.61363282898674,
        78.50403542298591, 77.86435943300603, 83.2692904730211, 87.79967933800071, 90.62285689899, 91.4739148550434, 94.56424978998257, 94.87977618200239, 96.67491729400354, 103.05867903598119,
        105.1398398829624, 105.32624132599449
    ],
    "cpu_spent_usage": [
        80.1494227108316, 80.0666700676372, 80.16382963973315, 79.91567934800405, 80.16404753225898, 79.95439225624165, 80.00735149168433, 80.10096899312113, 79.91965670227546, 79.60462760004235,
        80.75017438091929, 79.83584783276494, 80.00268342029493, 79.88669416923197, 79.86951208378245, 80.05371501856555, 79.62788789578283, 79.90310203449566, 80.03817289941863, 79.79751888221348,
        79.98986510204857, 80.42361472892469, 80.32083559059873, 79.91502318158038, 80.10273304864927, 80.02732117638142, 79.97544102437492, 79.9405502577293, 79.89726525006311, 79.95053270613323,
        80.13346245077925, 80.14365326447054, 79.88183731069644, 80.01064040194149, 79.76554190021169, 79.86368033909011, 79.96151108729147, 80.07918954653697, 80.06503369578935, 79.77840903200331
    ]
}
